league_name,club,club_id,club_url,average_market_value,total_market_value,average_market_value_eur,total_market_value_eur,source_url
2. Bundesliga,Hertha BSC,44,https://www.transfermarkt.com/hertha-bsc/startseite/verein/44/saison_id/2025,€1.48m,€45.80m,1480000.0,45800000.0,https://www.transfermarkt.com/2-bundesliga/startseite/wettbewerb/L2
2. Bundesliga,Holstein Kiel,269,https://www.transfermarkt.com/holstein-kiel/startseite/verein/269/saison_id/2025,€1.15m,€35.53m,1150000.0,35530000.0,https://www.transfermarkt.com/2-bundesliga/startseite/wettbewerb/L2
2. Bundesliga,Hannover 96,42,https://www.transfermarkt.com/hannover-96/startseite/verein/42/saison_id/2025,€1.15m,€33.25m,1150000.0,33250000.0,https://www.transfermarkt.com/2-bundesliga/startseite/wettbewerb/L2
2. Bundesliga,Fortuna Düsseldorf,38,https://www.transfermarkt.com/fortuna-dusseldorf/startseite/verein/38/saison_id/2025,€1.18m,€33.08m,1180000.0,33080000.0,https://www.transfermarkt.com/2-bundesliga/startseite/wettbewerb/L2
2. Bundesliga,SC Paderborn 07,127,https://www.transfermarkt.com/sc-paderborn-07/startseite/verein/127/saison_id/2025,€1.09m,€32.73m,1090000.0,32729999.999999996,https://www.transfermarkt.com/2-bundesliga/startseite/wettbewerb/L2
2. Bundesliga,FC Schalke 04,33,https://www.transfermarkt.com/fc-schalke-04/startseite/verein/33/saison_id/2025,€930k,€29.75m,930000.0,29750000.0,https://www.transfermarkt.com/2-bundesliga/startseite/wettbewerb/L2
2. Bundesliga,SV Darmstadt 98,105,https://www.transfermarkt.com/sv-darmstadt-98/startseite/verein/105/saison_id/2025,€932k,€26.10m,932000.0,26100000.0,https://www.transfermarkt.com/2-bundesliga/startseite/wettbewerb/L2
2. Bundesliga,Karlsruher SC,48,https://www.transfermarkt.com/karlsruher-sc/startseite/verein/48/saison_id/2025,€910k,€25.48m,910000.0,25480000.0,https://www.transfermarkt.com/2-bundesliga/startseite/wettbewerb/L2
2. Bundesliga,SpVgg Greuther Fürth,65,https://www.transfermarkt.com/spvgg-greuther-furth/startseite/verein/65/saison_id/2025,€744k,€20.83m,744000.0,20830000.0,https://www.transfermarkt.com/2-bundesliga/startseite/wettbewerb/L2
2. Bundesliga,Eintracht Braunschweig,23,https://www.transfermarkt.com/eintracht-braunschweig/startseite/verein/23/saison_id/2025,€706k,€19.05m,706000.0,19050000.0,https://www.transfermarkt.com/2-bundesliga/startseite/wettbewerb/L2
3. Liga,FC Hansa Rostock,30,https://www.transfermarkt.com/fc-hansa-rostock/startseite/verein/30/saison_id/2025,€312k,€9.98m,312000.0,9980000.0,https://www.transfermarkt.com/3-liga/startseite/wettbewerb/L3
3. Liga,VfB Stuttgart II,102,https://www.transfermarkt.com/vfb-stuttgart-ii/startseite/verein/102/saison_id/2025,€329k,€9.88m,329000.0,9880000.0,https://www.transfermarkt.com/3-liga/startseite/wettbewerb/L3
3. Liga,SV Wehen Wiesbaden,108,https://www.transfermarkt.com/sv-wehen-wiesbaden/startseite/verein/108/saison_id/2025,€278k,€8.33m,278000.0,8330000.0,https://www.transfermarkt.com/3-liga/startseite/wettbewerb/L3
3. Liga,SSV Jahn Regensburg,109,https://www.transfermarkt.com/ssv-jahn-regensburg/startseite/verein/109/saison_id/2025,€313k,€8.15m,313000.0,8150000.0,https://www.transfermarkt.com/3-liga/startseite/wettbewerb/L3
3. Liga,TSG 1899 Hoffenheim II,983,https://www.transfermarkt.com/tsg-1899-hoffenheim-ii/startseite/verein/983/saison_id/2025,€255k,€7.90m,255000.0,7900000.0,https://www.transfermarkt.com/3-liga/startseite/wettbewerb/L3
3. Liga,SSV Ulm 1846,69,https://www.transfermarkt.com/ssv-ulm-1846/startseite/verein/69/saison_id/2025,€282k,€7.63m,282000.0,7630000.0,https://www.transfermarkt.com/3-liga/startseite/wettbewerb/L3
3. Liga,FC Ingolstadt 04,4795,https://www.transfermarkt.com/fc-ingolstadt-04/startseite/verein/4795/saison_id/2025,€278k,€7.23m,278000.0,7230000.0,https://www.transfermarkt.com/3-liga/startseite/wettbewerb/L3
3. Liga,Rot-Weiss Essen,56,https://www.transfermarkt.com/rot-weiss-essen/startseite/verein/56/saison_id/2025,€277k,€6.93m,277000.0,6930000.0,https://www.transfermarkt.com/3-liga/startseite/wettbewerb/L3
3. Liga,FC Energie Cottbus,25,https://www.transfermarkt.com/fc-energie-cottbus/startseite/verein/25/saison_id/2025,€224k,€6.73m,224000.0,6730000.0,https://www.transfermarkt.com/3-liga/startseite/wettbewerb/L3
3. Liga,SV Waldhof Mannheim,85,https://www.transfermarkt.com/sv-waldhof-mannheim/startseite/verein/85/saison_id/2025,€245k,€6.63m,245000.0,6630000.0,https://www.transfermarkt.com/3-liga/startseite/wettbewerb/L3
3. Liga,VfL Osnabrück,81,https://www.transfermarkt.com/vfl-osnabruck/startseite/verein/81/saison_id/2025,€249k,€6.48m,249000.0,6480000.0,https://www.transfermarkt.com/3-liga/startseite/wettbewerb/L3
3. Liga,MSV Duisburg,52,https://www.transfermarkt.com/msv-duisburg/startseite/verein/52/saison_id/2025,€229k,€6.40m,229000.0,6400000.0,https://www.transfermarkt.com/3-liga/startseite/wettbewerb/L3
3. Liga,Alemannia Aachen,8,https://www.transfermarkt.com/alemannia-aachen/startseite/verein/8/saison_id/2025,€224k,€6.28m,224000.0,6280000.0,https://www.transfermarkt.com/3-liga/startseite/wettbewerb/L3
3. Liga,FC Erzgebirge Aue,94,https://www.transfermarkt.com/fc-erzgebirge-aue/startseite/verein/94/saison_id/2025,€204k,€5.93m,204000.0,5930000.0,https://www.transfermarkt.com/3-liga/startseite/wettbewerb/L3
3. Liga,SC Verl,93,https://www.transfermarkt.com/sc-verl/startseite/verein/93/saison_id/2025,€211k,€5.48m,211000.0,5480000.0,https://www.transfermarkt.com/3-liga/startseite/wettbewerb/L3
3. Liga,TSV Havelse,476,https://www.transfermarkt.com/tsv-havelse/startseite/verein/476/saison_id/2025,€101k,€3.04m,101000.0,3040000.0,https://www.transfermarkt.com/3-liga/startseite/wettbewerb/L3
A-League Men,Sydney FC,8054,https://www.transfermarkt.com/sydney-fc/startseite/verein/8054/saison_id/2025,€402k,€11.25m,402000.0,11250000.0,https://www.transfermarkt.com/a-league/startseite/wettbewerb/AUS1
A-League Men,Auckland FC,118373,https://www.transfermarkt.com/auckland-fc/startseite/verein/118373/saison_id/2025,€367k,€8.80m,367000.0,8800000.0,https://www.transfermarkt.com/a-league/startseite/wettbewerb/AUS1
A-League Men,Perth Glory,970,https://www.transfermarkt.com/perth-glory/startseite/verein/970/saison_id/2025,€258k,€8.78m,258000.0,8780000.0,https://www.transfermarkt.com/a-league/startseite/wettbewerb/AUS1
A-League Men,Melbourne Victory,7006,https://www.transfermarkt.com/melbourne-victory/startseite/verein/7006/saison_id/2025,€259k,€7.78m,259000.0,7780000.0,https://www.transfermarkt.com/a-league/startseite/wettbewerb/AUS1
A-League Men,Western Sydney Wanderers,36100,https://www.transfermarkt.com/western-sydney-wanderers/startseite/verein/36100/saison_id/2025,€296k,€7.70m,296000.0,7700000.0,https://www.transfermarkt.com/a-league/startseite/wettbewerb/AUS1
A-League Men,Melbourne City FC,25580,https://www.transfermarkt.com/melbourne-city-fc/startseite/verein/25580/saison_id/2025,€217k,€7.18m,217000.0,7180000.0,https://www.transfermarkt.com/a-league/startseite/wettbewerb/AUS1
A-League Men,Adelaide United,875,https://www.transfermarkt.com/adelaide-united/startseite/verein/875/saison_id/2025,€220k,€7.05m,220000.0,7050000.0,https://www.transfermarkt.com/a-league/startseite/wettbewerb/AUS1
A-League Men,Wellington Phoenix,8445,https://www.transfermarkt.com/wellington-phoenix/startseite/verein/8445/saison_id/2025,€246k,€5.90m,246000.0,5900000.0,https://www.transfermarkt.com/a-league/startseite/wettbewerb/AUS1
A-League Men,Macarthur FC,71085,https://www.transfermarkt.com/macarthur-fc/startseite/verein/71085/saison_id/2025,€217k,€5.85m,217000.0,5850000.0,https://www.transfermarkt.com/a-league/startseite/wettbewerb/AUS1
A-League Men,Brisbane Roar,7831,https://www.transfermarkt.com/brisbane-roar/startseite/verein/7831/saison_id/2025,€190k,€5.70m,190000.0,5700000.0,https://www.transfermarkt.com/a-league/startseite/wettbewerb/AUS1
A-League Men,Central Coast Mariners,6954,https://www.transfermarkt.com/central-coast-mariners/startseite/verein/6954/saison_id/2025,€206k,€5.58m,206000.0,5580000.0,https://www.transfermarkt.com/a-league/startseite/wettbewerb/AUS1
Allsvenskan,Malmö FF,496,https://www.transfermarkt.com/malmo-ff/startseite/verein/496/saison_id/2024,€1.26m,€36.50m,1260000.0,36500000.0,https://www.transfermarkt.com/allsvenskan/startseite/wettbewerb/SE1
Allsvenskan,Djurgårdens IF,1044,https://www.transfermarkt.com/djurgardens-if/startseite/verein/1044/saison_id/2024,€837k,€21.75m,837000.0,21750000.0,https://www.transfermarkt.com/allsvenskan/startseite/wettbewerb/SE1
Allsvenskan,AIK,272,https://www.transfermarkt.com/aik-solna/startseite/verein/272/saison_id/2024,€693k,€20.10m,693000.0,20100000.0,https://www.transfermarkt.com/allsvenskan/startseite/wettbewerb/SE1
Allsvenskan,BK Häcken,1109,https://www.transfermarkt.com/bk-hacken/startseite/verein/1109/saison_id/2024,€608k,€19.45m,608000.0,19450000.0,https://www.transfermarkt.com/allsvenskan/startseite/wettbewerb/SE1
Allsvenskan,IF Elfsborg,1101,https://www.transfermarkt.com/if-elfsborg-boras/startseite/verein/1101/saison_id/2024,€796k,€19.10m,796000.0,19100000.0,https://www.transfermarkt.com/allsvenskan/startseite/wettbewerb/SE1
Allsvenskan,IK Sirius,7945,https://www.transfermarkt.com/ik-sirius/startseite/verein/7945/saison_id/2024,€673k,€17.50m,673000.0,17500000.0,https://www.transfermarkt.com/allsvenskan/startseite/wettbewerb/SE1
Allsvenskan,IFK Göteborg,801,https://www.transfermarkt.com/ifk-goteborg/startseite/verein/801/saison_id/2024,€789k,€17.35m,789000.0,17350000.0,https://www.transfermarkt.com/allsvenskan/startseite/wettbewerb/SE1
Allsvenskan,Mjällby AIF,2719,https://www.transfermarkt.com/mjallby-aif/startseite/verein/2719/saison_id/2024,€624k,€16.85m,624000.0,16850000.0,https://www.transfermarkt.com/allsvenskan/startseite/wettbewerb/SE1
Allsvenskan,IF Brommapojkarna,1092,https://www.transfermarkt.com/if-brommapojkarna/startseite/verein/1092/saison_id/2024,€411k,€13.58m,411000.0,13580000.0,https://www.transfermarkt.com/allsvenskan/startseite/wettbewerb/SE1
Allsvenskan,GAIS,7009,https://www.transfermarkt.com/gais-goteborg/startseite/verein/7009/saison_id/2024,€395k,€10.28m,395000.0,10280000.0,https://www.transfermarkt.com/allsvenskan/startseite/wettbewerb/SE1
Allsvenskan,IFK Norrköping,2844,https://www.transfermarkt.com/ifk-norrkoping/startseite/verein/2844/saison_id/2024,€423k,€9.73m,423000.0,9730000.0,https://www.transfermarkt.com/allsvenskan/startseite/wettbewerb/SE1
Allsvenskan,IFK Värnamo,3622,https://www.transfermarkt.com/ifk-varnamo/startseite/verein/3622/saison_id/2024,€334k,€8.03m,334000.0,8029999.999999999,https://www.transfermarkt.com/allsvenskan/startseite/wettbewerb/SE1
Allsvenskan,Degerfors IF,3641,https://www.transfermarkt.com/degerfors-if/startseite/verein/3641/saison_id/2024,€317k,€7.93m,317000.0,7930000.0,https://www.transfermarkt.com/allsvenskan/startseite/wettbewerb/SE1
Allsvenskan,Halmstads BK,1011,https://www.transfermarkt.com/halmstads-bk/startseite/verein/1011/saison_id/2024,€284k,€7.68m,284000.0,7680000.0,https://www.transfermarkt.com/allsvenskan/startseite/wettbewerb/SE1
Allsvenskan,Östers IF,1236,https://www.transfermarkt.com/osters-if/startseite/verein/1236/saison_id/2024,€297k,€7.43m,297000.0,7430000.0,https://www.transfermarkt.com/allsvenskan/startseite/wettbewerb/SE1
Belgian Pro League,Club Brugge KV,2282,https://www.transfermarkt.com/fc-brugge/startseite/verein/2282/saison_id/2025,€6.70m,€194.40m,6700000.0,194400000.0,https://www.transfermarkt.com/jupiler-pro-league/startseite/wettbewerb/BE1
Belgian Pro League,KRC Genk,1184,https://www.transfermarkt.com/krc-genk/startseite/verein/1184/saison_id/2025,€5.37m,€144.90m,5370000.0,144900000.0,https://www.transfermarkt.com/jupiler-pro-league/startseite/wettbewerb/BE1
Belgian Pro League,RSC Anderlecht,58,https://www.transfermarkt.com/rsc-anderlecht/startseite/verein/58/saison_id/2025,€2.95m,€97.40m,2950000.0,97400000.0,https://www.transfermarkt.com/jupiler-pro-league/startseite/wettbewerb/BE1
Belgian Pro League,Union Saint-Gilloise,3948,https://www.transfermarkt.com/royale-union-saint-gilloise/startseite/verein/3948/saison_id/2025,€3.36m,€90.60m,3360000.0,90600000.0,https://www.transfermarkt.com/jupiler-pro-league/startseite/wettbewerb/BE1
Belgian Pro League,KAA Gent,157,https://www.transfermarkt.com/kaa-gent/startseite/verein/157/saison_id/2025,€2.17m,€60.85m,2170000.0,60850000.0,https://www.transfermarkt.com/jupiler-pro-league/startseite/wettbewerb/BE1
Belgian Pro League,Royal Antwerp FC,1096,https://www.transfermarkt.com/royal-antwerpen-fc/startseite/verein/1096/saison_id/2025,€1.68m,€50.40m,1680000.0,50400000.0,https://www.transfermarkt.com/jupiler-pro-league/startseite/wettbewerb/BE1
Belgian Pro League,KVC Westerlo,968,https://www.transfermarkt.com/kvc-westerlo/startseite/verein/968/saison_id/2025,€1.56m,€45.10m,1560000.0,45100000.0,https://www.transfermarkt.com/jupiler-pro-league/startseite/wettbewerb/BE1
Belgian Pro League,KV Mechelen,354,https://www.transfermarkt.com/kv-mechelen/startseite/verein/354/saison_id/2025,€1.24m,€35.85m,1240000.0,35850000.0,https://www.transfermarkt.com/jupiler-pro-league/startseite/wettbewerb/BE1
Belgian Pro League,Oud-Heverlee Leuven,2727,https://www.transfermarkt.com/oud-heverlee-leuven/startseite/verein/2727/saison_id/2025,€1.23m,€34.30m,1230000.0,34300000.0,https://www.transfermarkt.com/jupiler-pro-league/startseite/wettbewerb/BE1
Belgian Pro League,Sint-Truidense VV,475,https://www.transfermarkt.com/vv-st-truiden/startseite/verein/475/saison_id/2025,€1.12m,€29.13m,1120000.0,29130000.0,https://www.transfermarkt.com/jupiler-pro-league/startseite/wettbewerb/BE1
Belgian Pro League,FCV Dender EH,9010,https://www.transfermarkt.com/fcv-dender-eh/startseite/verein/9010/saison_id/2025,€766k,€19.15m,766000.0,19150000.0,https://www.transfermarkt.com/jupiler-pro-league/startseite/wettbewerb/BE1
Belgian Pro League,RAAL La Louvière,3901,https://www.transfermarkt.com/raal-la-louviere/startseite/verein/3901/saison_id/2025,€474k,€12.80m,474000.0,12800000.0,https://www.transfermarkt.com/jupiler-pro-league/startseite/wettbewerb/BE1
Bundesliga,Borussia Dortmund,16,https://www.transfermarkt.com/borussia-dortmund/startseite/verein/16/saison_id/2025,€17.88m,€500.50m,17880000.0,500500000.0,https://www.transfermarkt.com/bundesliga/startseite/wettbewerb/L1
Bundesliga,Bayer 04 Leverkusen,15,https://www.transfermarkt.com/bayer-04-leverkusen/startseite/verein/15/saison_id/2025,€16.41m,€426.75m,16410000.0,426750000.0,https://www.transfermarkt.com/bundesliga/startseite/wettbewerb/L1
Bundesliga,Eintracht Frankfurt,24,https://www.transfermarkt.com/eintracht-frankfurt/startseite/verein/24/saison_id/2025,€13.71m,€383.90m,13710000.0,383900000.0,https://www.transfermarkt.com/bundesliga/startseite/wettbewerb/L1
Bundesliga,RB Leipzig,23826,https://www.transfermarkt.com/rasenballsport-leipzig/startseite/verein/23826/saison_id/2025,€12.63m,€366.25m,12630000.0,366250000.0,https://www.transfermarkt.com/bundesliga/startseite/wettbewerb/L1
Bundesliga,VfB Stuttgart,79,https://www.transfermarkt.com/vfb-stuttgart/startseite/verein/79/saison_id/2025,€10.61m,€339.43m,10610000.0,339430000.0,https://www.transfermarkt.com/bundesliga/startseite/wettbewerb/L1
Bundesliga,VfL Wolfsburg,82,https://www.transfermarkt.com/vfl-wolfsburg/startseite/verein/82/saison_id/2025,€8.69m,€251.90m,8690000.0,251900000.0,https://www.transfermarkt.com/bundesliga/startseite/wettbewerb/L1
Bundesliga,SV Werder Bremen,86,https://www.transfermarkt.com/sv-werder-bremen/startseite/verein/86/saison_id/2025,€5.74m,€177.80m,5740000.0,177800000.0,https://www.transfermarkt.com/bundesliga/startseite/wettbewerb/L1
Bundesliga,TSG 1899 Hoffenheim,533,https://www.transfermarkt.com/tsg-1899-hoffenheim/startseite/verein/533/saison_id/2025,€5.23m,€172.55m,5230000.0,172550000.0,https://www.transfermarkt.com/bundesliga/startseite/wettbewerb/L1
Bundesliga,SC Freiburg,60,https://www.transfermarkt.com/sc-freiburg/startseite/verein/60/saison_id/2025,€6.03m,€162.70m,6030000.0,162700000.0,https://www.transfermarkt.com/bundesliga/startseite/wettbewerb/L1
Bundesliga,Borussia Mönchengladbach,18,https://www.transfermarkt.com/borussia-monchengladbach/startseite/verein/18/saison_id/2025,€5.14m,€154.18m,5140000.0,154180000.0,https://www.transfermarkt.com/bundesliga/startseite/wettbewerb/L1
Bundesliga,FC Augsburg,167,https://www.transfermarkt.com/fc-augsburg/startseite/verein/167/saison_id/2025,€5.22m,€151.38m,5220000.0,151380000.0,https://www.transfermarkt.com/bundesliga/startseite/wettbewerb/L1
Bundesliga,Hamburger SV,41,https://www.transfermarkt.com/hamburger-sv/startseite/verein/41/saison_id/2025,€3.55m,€106.45m,3550000.0,106450000.0,https://www.transfermarkt.com/bundesliga/startseite/wettbewerb/L1
Bundesliga,FC St. Pauli,35,https://www.transfermarkt.com/fc-st-pauli/startseite/verein/35/saison_id/2025,€2.21m,€64.08m,2210000.0,64080000.0,https://www.transfermarkt.com/bundesliga/startseite/wettbewerb/L1
División de Fútbol Profesional,San Antonio Bulo Bulo,92979,https://www.transfermarkt.com/san-antonio-bulo/startseite/verein/92979/saison_id/2024,222 K €,"6,43 mio. €",222000.0,,https://www.transfermarkt.fr/division-profesional-apertura/startseite/wettbewerb/BO1A
EFL Championship,Ipswich Town,677,https://www.transfermarkt.com/ipswich-town/startseite/verein/677/saison_id/2025,€7.35m,€198.35m,7350000.0,198350000.0,https://www.transfermarkt.com/championship/startseite/wettbewerb/GB2
EFL Championship,Leicester City,1003,https://www.transfermarkt.com/leicester-city/startseite/verein/1003/saison_id/2025,€6.25m,€168.75m,6250000.0,168750000.0,https://www.transfermarkt.com/championship/startseite/wettbewerb/GB2
EFL Championship,Sheffield United,350,https://www.transfermarkt.com/sheffield-united/startseite/verein/350/saison_id/2025,€3.89m,€132.18m,3890000.0,132180000.0,https://www.transfermarkt.com/championship/startseite/wettbewerb/GB2
EFL Championship,Coventry City,990,https://www.transfermarkt.com/coventry-city/startseite/verein/990/saison_id/2025,€4.69m,€107.95m,4690000.0,107950000.0,https://www.transfermarkt.com/championship/startseite/wettbewerb/GB2
EFL Championship,Norwich City,1123,https://www.transfermarkt.com/norwich-city/startseite/verein/1123/saison_id/2025,€3.44m,€103.20m,3440000.0,103200000.0,https://www.transfermarkt.com/championship/startseite/wettbewerb/GB2
EFL Championship,Birmingham City,337,https://www.transfermarkt.com/birmingham-city/startseite/verein/337/saison_id/2025,€3.93m,€102.15m,3930000.0,102150000.0,https://www.transfermarkt.com/championship/startseite/wettbewerb/GB2
EFL Championship,West Bromwich Albion,984,https://www.transfermarkt.com/west-bromwich-albion/startseite/verein/984/saison_id/2025,€3.69m,€81.25m,3690000.0,81250000.0,https://www.transfermarkt.com/championship/startseite/wettbewerb/GB2
EFL Championship,Swansea City,2288,https://www.transfermarkt.com/swansea-city/startseite/verein/2288/saison_id/2025,€2.90m,€72.55m,2900000.0,72550000.0,https://www.transfermarkt.com/championship/startseite/wettbewerb/GB2
EFL Championship,Bristol City,698,https://www.transfermarkt.com/bristol-city/startseite/verein/698/saison_id/2025,€2.49m,€72.35m,2490000.0,72350000.0,https://www.transfermarkt.com/championship/startseite/wettbewerb/GB2
EFL Championship,Stoke City,512,https://www.transfermarkt.com/stoke-city/startseite/verein/512/saison_id/2025,€2.32m,€60.30m,2320000.0,60300000.0,https://www.transfermarkt.com/championship/startseite/wettbewerb/GB2
EFL Championship,Hull City,3008,https://www.transfermarkt.com/hull-city/startseite/verein/3008/saison_id/2025,€2.02m,€56.58m,2020000.0,56580000.0,https://www.transfermarkt.com/championship/startseite/wettbewerb/GB2
EFL Championship,Millwall FC,1028,https://www.transfermarkt.com/fc-millwall/startseite/verein/1028/saison_id/2025,€1.66m,€54.68m,1660000.0,54680000.0,https://www.transfermarkt.com/championship/startseite/wettbewerb/GB2
EFL Championship,Derby County,22,https://www.transfermarkt.com/derby-county/startseite/verein/22/saison_id/2025,€1.92m,€51.93m,1920000.0,51930000.0,https://www.transfermarkt.com/championship/startseite/wettbewerb/GB2
EFL Championship,Queens Park Rangers,1039,https://www.transfermarkt.com/queens-park-rangers/startseite/verein/1039/saison_id/2025,€1.65m,€47.95m,1650000.0,47950000.0,https://www.transfermarkt.com/championship/startseite/wettbewerb/GB2
EFL Championship,Preston North End,466,https://www.transfermarkt.com/preston-north-end/startseite/verein/466/saison_id/2025,€1.55m,€44.85m,1550000.0,44850000.0,https://www.transfermarkt.com/championship/startseite/wettbewerb/GB2
EFL Championship,Blackburn Rovers,164,https://www.transfermarkt.com/blackburn-rovers/startseite/verein/164/saison_id/2025,€1.46m,€37.90m,1460000.0,37900000.0,https://www.transfermarkt.com/championship/startseite/wettbewerb/GB2
EFL Championship,Oxford United,988,https://www.transfermarkt.com/oxford-united/startseite/verein/988/saison_id/2025,€1.19m,€35.70m,1190000.0,35700000.0,https://www.transfermarkt.com/championship/startseite/wettbewerb/GB2
EFL Championship,Charlton Athletic,358,https://www.transfermarkt.com/charlton-athletic/startseite/verein/358/saison_id/2025,€1.02m,€25.50m,1020000.0,25500000.0,https://www.transfermarkt.com/championship/startseite/wettbewerb/GB2
EFL Championship,Sheffield Wednesday,1035,https://www.transfermarkt.com/sheffield-wednesday/startseite/verein/1035/saison_id/2025,€822k,€19.73m,822000.0,19730000.0,https://www.transfermarkt.com/championship/startseite/wettbewerb/GB2
EFL League One,Luton Town,1031,https://www.transfermarkt.com/luton-town/startseite/verein/1031/saison_id/2025,€1.56m,€46.73m,1560000.0,46730000.0,https://www.transfermarkt.com/league-one/startseite/wettbewerb/GB3
EFL League One,Cardiff City,603,https://www.transfermarkt.com/cardiff-city/startseite/verein/603/saison_id/2025,€1.27m,€31.78m,1270000.0,31780000.0,https://www.transfermarkt.com/league-one/startseite/wettbewerb/GB3
EFL League One,Huddersfield Town,1110,https://www.transfermarkt.com/huddersfield-town/startseite/verein/1110/saison_id/2025,€737k,€19.90m,737000.0,19900000.0,https://www.transfermarkt.com/league-one/startseite/wettbewerb/GB3
EFL League One,Bolton Wanderers,355,https://www.transfermarkt.com/bolton-wanderers/startseite/verein/355/saison_id/2025,€651k,€18.23m,651000.0,18230000.0,https://www.transfermarkt.com/league-one/startseite/wettbewerb/GB3
EFL League One,Plymouth Argyle,2262,https://www.transfermarkt.com/plymouth-argyle/startseite/verein/2262/saison_id/2025,€516k,€12.90m,516000.0,12900000.0,https://www.transfermarkt.com/league-one/startseite/wettbewerb/GB3
EFL League One,Blackpool FC,1181,https://www.transfermarkt.com/fc-blackpool/startseite/verein/1181/saison_id/2025,€536k,€11.80m,536000.0,11800000.0,https://www.transfermarkt.com/league-one/startseite/wettbewerb/GB3
EFL League One,Wigan Athletic,1071,https://www.transfermarkt.com/wigan-athletic/startseite/verein/1071/saison_id/2025,€378k,€11.73m,378000.0,11730000.0,https://www.transfermarkt.com/league-one/startseite/wettbewerb/GB3
EFL League One,Leyton Orient,1150,https://www.transfermarkt.com/leyton-orient/startseite/verein/1150/saison_id/2025,€402k,€11.25m,402000.0,11250000.0,https://www.transfermarkt.com/league-one/startseite/wettbewerb/GB3
EFL League One,Wycombe Wanderers,2805,https://www.transfermarkt.com/wycombe-wanderers/startseite/verein/2805/saison_id/2025,€399k,€11.18m,399000.0,11180000.0,https://www.transfermarkt.com/league-one/startseite/wettbewerb/GB3
EFL League One,Reading FC,1032,https://www.transfermarkt.com/fc-reading/startseite/verein/1032/saison_id/2025,€358k,€10.73m,358000.0,10730000.0,https://www.transfermarkt.com/league-one/startseite/wettbewerb/GB3
EFL League One,Rotherham United,1194,https://www.transfermarkt.com/rotherham-united/startseite/verein/1194/saison_id/2025,€335k,€10.40m,335000.0,10400000.0,https://www.transfermarkt.com/league-one/startseite/wettbewerb/GB3
EFL League One,Stockport County,1098,https://www.transfermarkt.com/stockport-county/startseite/verein/1098/saison_id/2025,€361k,€9.75m,361000.0,9750000.0,https://www.transfermarkt.com/league-one/startseite/wettbewerb/GB3
EFL League One,Peterborough United,1072,https://www.transfermarkt.com/peterborough-united/startseite/verein/1072/saison_id/2025,€317k,€9.50m,317000.0,9500000.0,https://www.transfermarkt.com/league-one/startseite/wettbewerb/GB3
EFL League One,Lincoln City,1198,https://www.transfermarkt.com/lincoln-city/startseite/verein/1198/saison_id/2025,€268k,€7.50m,268000.0,7500000.0,https://www.transfermarkt.com/league-one/startseite/wettbewerb/GB3
EFL League One,Burton Albion,2963,https://www.transfermarkt.com/burton-albion/startseite/verein/2963/saison_id/2025,€236k,€6.85m,236000.0,6850000.0,https://www.transfermarkt.com/league-one/startseite/wettbewerb/GB3
EFL League One,Exeter City,6699,https://www.transfermarkt.com/exeter-city/startseite/verein/6699/saison_id/2025,€235k,€6.58m,235000.0,6580000.0,https://www.transfermarkt.com/league-one/startseite/wettbewerb/GB3
EFL League One,Doncaster Rovers,2454,https://www.transfermarkt.com/doncaster-rovers/startseite/verein/2454/saison_id/2025,€238k,€6.18m,238000.0,6180000.0,https://www.transfermarkt.com/league-one/startseite/wettbewerb/GB3
EFL League One,Mansfield Town,3820,https://www.transfermarkt.com/mansfield-town/startseite/verein/3820/saison_id/2025,€247k,€6.18m,247000.0,6180000.0,https://www.transfermarkt.com/league-one/startseite/wettbewerb/GB3
EFL League One,Bradford City,1027,https://www.transfermarkt.com/bradford-city/startseite/verein/1027/saison_id/2025,€227k,€6.13m,227000.0,6130000.0,https://www.transfermarkt.com/league-one/startseite/wettbewerb/GB3
EFL League One,Northampton Town,1302,https://www.transfermarkt.com/northampton-town/startseite/verein/1302/saison_id/2025,€172k,€4.65m,172000.0,4650000.0,https://www.transfermarkt.com/league-one/startseite/wettbewerb/GB3
EFL League One,AFC Wimbledon,3884,https://www.transfermarkt.com/afc-wimbledon/startseite/verein/3884/saison_id/2025,€166k,€3.98m,166000.0,3980000.0,https://www.transfermarkt.com/league-one/startseite/wettbewerb/GB3
EFL League Two,Milton Keynes Dons,991,https://www.transfermarkt.com/milton-keynes-dons/startseite/verein/991/saison_id/2025,€284k,€7.68m,284000.0,7680000.0,https://www.transfermarkt.com/league-two/startseite/wettbewerb/GB4
EFL League Two,Bristol Rovers,2455,https://www.transfermarkt.com/bristol-rovers/startseite/verein/2455/saison_id/2025,€250k,€6.50m,250000.0,6500000.0,https://www.transfermarkt.com/league-two/startseite/wettbewerb/GB4
EFL League Two,Salford City,34888,https://www.transfermarkt.com/salford-city/startseite/verein/34888/saison_id/2025,€201k,€5.63m,201000.0,5630000.0,https://www.transfermarkt.com/league-two/startseite/wettbewerb/GB4
EFL League Two,Notts County,1045,https://www.transfermarkt.com/notts-county/startseite/verein/1045/saison_id/2025,€197k,€5.13m,197000.0,5130000.0,https://www.transfermarkt.com/league-two/startseite/wettbewerb/GB4
EFL League Two,Cambridge United,986,https://www.transfermarkt.com/cambridge-united/startseite/verein/986/saison_id/2025,€206k,€4.95m,206000.0,4950000.0,https://www.transfermarkt.com/league-two/startseite/wettbewerb/GB4
EFL League Two,Crawley Town,3537,https://www.transfermarkt.com/crawley-town/startseite/verein/3537/saison_id/2025,€158k,€4.43m,158000.0,4430000.0,https://www.transfermarkt.com/league-two/startseite/wettbewerb/GB4
EFL League Two,Crewe Alexandra,1042,https://www.transfermarkt.com/crewe-alexandra/startseite/verein/1042/saison_id/2025,€150k,€4.35m,150000.0,4350000.0,https://www.transfermarkt.com/league-two/startseite/wettbewerb/GB4
EFL League Two,Fleetwood Town,11177,https://www.transfermarkt.com/fleetwood-town/startseite/verein/11177/saison_id/2025,€176k,€4.05m,176000.0,4050000.0,https://www.transfermarkt.com/league-two/startseite/wettbewerb/GB4
EFL League Two,Newport County,3716,https://www.transfermarkt.com/newport-county/startseite/verein/3716/saison_id/2025,€138k,€4.00m,138000.0,4000000.0,https://www.transfermarkt.com/league-two/startseite/wettbewerb/GB4
EFL League Two,Colchester United,1060,https://www.transfermarkt.com/colchester-united/startseite/verein/1060/saison_id/2025,€150k,€3.75m,150000.0,3750000.0,https://www.transfermarkt.com/league-two/startseite/wettbewerb/GB4
EFL League Two,Tranmere Rovers,1074,https://www.transfermarkt.com/tranmere-rovers/startseite/verein/1074/saison_id/2025,€145k,€3.63m,145000.0,3630000.0,https://www.transfermarkt.com/league-two/startseite/wettbewerb/GB4
EFL League Two,Grimsby Town,1034,https://www.transfermarkt.com/grimsby-town/startseite/verein/1034/saison_id/2025,€138k,€3.58m,138000.0,3580000.0,https://www.transfermarkt.com/league-two/startseite/wettbewerb/GB4
EFL League Two,Cheltenham Town,3371,https://www.transfermarkt.com/cheltenham-town/startseite/verein/3371/saison_id/2025,€121k,€3.38m,121000.0,3380000.0,https://www.transfermarkt.com/league-two/startseite/wettbewerb/GB4
EFL League Two,Swindon Town,352,https://www.transfermarkt.com/swindon-town/startseite/verein/352/saison_id/2025,€109k,€3.15m,109000.0,3150000.0,https://www.transfermarkt.com/league-two/startseite/wettbewerb/GB4
EFL League Two,Harrogate Town,12020,https://www.transfermarkt.com/harrogate-town/startseite/verein/12020/saison_id/2025,€97k,€2.63m,97000.0,2630000.0,https://www.transfermarkt.com/league-two/startseite/wettbewerb/GB4
EFL League Two,Shrewsbury Town,3054,https://www.transfermarkt.com/shrewsbury-town/startseite/verein/3054/saison_id/2025,€124k,€2.60m,124000.0,2600000.0,https://www.transfermarkt.com/league-two/startseite/wettbewerb/GB4
EFL League Two,Accrington Stanley,3688,https://www.transfermarkt.com/accrington-stanley/startseite/verein/3688/saison_id/2025,€71k,€1.93m,71000.0,1930000.0,https://www.transfermarkt.com/league-two/startseite/wettbewerb/GB4
EFL League Two,Oldham Athletic,1078,https://www.transfermarkt.com/oldham-athletic/startseite/verein/1078/saison_id/2025,€53k,€1.43m,53000.0,1430000.0,https://www.transfermarkt.com/league-two/startseite/wettbewerb/GB4
Ekstraklasa,Lech Poznan,238,https://www.transfermarkt.com/lech-posen/startseite/verein/238/saison_id/2025,€1.42m,€42.65m,1420000.0,42650000.0,https://www.transfermarkt.com/ekstraklasa/startseite/wettbewerb/PL1
Ekstraklasa,Legia Warszawa,255,https://www.transfermarkt.com/legia-warschau/startseite/verein/255/saison_id/2025,€1.32m,€40.95m,1320000.0,40950000.0,https://www.transfermarkt.com/ekstraklasa/startseite/wettbewerb/PL1
Ekstraklasa,Raków Częstochowa,9644,https://www.transfermarkt.com/rakow-czestochowa/startseite/verein/9644/saison_id/2025,€1.43m,€37.05m,1430000.0,37050000.0,https://www.transfermarkt.com/ekstraklasa/startseite/wettbewerb/PL1
Ekstraklasa,Cracovia,5689,https://www.transfermarkt.com/cracovia/startseite/verein/5689/saison_id/2025,€829k,€24.88m,829000.0,24880000.0,https://www.transfermarkt.com/ekstraklasa/startseite/wettbewerb/PL1
Ekstraklasa,Pogon Szczecin,324,https://www.transfermarkt.com/pogon-stettin/startseite/verein/324/saison_id/2025,€718k,€22.98m,718000.0,22980000.0,https://www.transfermarkt.com/ekstraklasa/startseite/wettbewerb/PL1
Ekstraklasa,Lechia Gdansk,4000,https://www.transfermarkt.com/lechia-gdansk/startseite/verein/4000/saison_id/2025,€623k,€17.45m,623000.0,17450000.0,https://www.transfermarkt.com/ekstraklasa/startseite/wettbewerb/PL1
Ekstraklasa,Górnik Zabrze,428,https://www.transfermarkt.com/gornik-zabrze/startseite/verein/428/saison_id/2025,€599k,€16.78m,599000.0,16780000.0,https://www.transfermarkt.com/ekstraklasa/startseite/wettbewerb/PL1
Ekstraklasa,Radomiak Radom,7154,https://www.transfermarkt.com/radomiak-radom/startseite/verein/7154/saison_id/2025,€499k,€13.98m,499000.0,13980000.0,https://www.transfermarkt.com/ekstraklasa/startseite/wettbewerb/PL1
Ekstraklasa,Motor Lublin,3527,https://www.transfermarkt.com/motor-lublin/startseite/verein/3527/saison_id/2025,€478k,€12.90m,478000.0,12900000.0,https://www.transfermarkt.com/ekstraklasa/startseite/wettbewerb/PL1
Ekstraklasa,Korona Kielce,6110,https://www.transfermarkt.com/korona-kielce/startseite/verein/6110/saison_id/2025,€441k,€12.78m,441000.0,12780000.0,https://www.transfermarkt.com/ekstraklasa/startseite/wettbewerb/PL1
Ekstraklasa,GKS Katowice,6456,https://www.transfermarkt.com/gks-katowice/startseite/verein/6456/saison_id/2025,€329k,€9.88m,329000.0,9880000.0,https://www.transfermarkt.com/ekstraklasa/startseite/wettbewerb/PL1
Ekstraklasa,Arka Gdynia,6107,https://www.transfermarkt.com/arka-gdynia/startseite/verein/6107/saison_id/2025,€317k,€8.55m,317000.0,8550000.0,https://www.transfermarkt.com/ekstraklasa/startseite/wettbewerb/PL1
Ekstraklasa,Piast Gliwice,6112,https://www.transfermarkt.com/piast-gliwice/startseite/verein/6112/saison_id/2025,€304k,€8.53m,304000.0,8530000.0,https://www.transfermarkt.com/ekstraklasa/startseite/wettbewerb/PL1
Ekstraklasa,Bruk-Bet Termalica Nieciecza,15906,https://www.transfermarkt.com/bruk-bet-termalica-nieciecza/startseite/verein/15906/saison_id/2025,€291k,€7.85m,291000.0,7850000.0,https://www.transfermarkt.com/ekstraklasa/startseite/wettbewerb/PL1
Eliteserien,FK Bodø/Glimt,501,https://www.transfermarkt.com/fk-bodo-glimt/startseite/verein/501/saison_id/2024,€2.17m,€60.73m,2170000.0,60730000.0,https://www.transfermarkt.com/eliteserien/startseite/wettbewerb/NO1
Eliteserien,SK Brann,1100,https://www.transfermarkt.com/sk-brann/startseite/verein/1100/saison_id/2024,€1.11m,€31.00m,1110000.0,31000000.0,https://www.transfermarkt.com/eliteserien/startseite/wettbewerb/NO1
Eliteserien,Viking FK,239,https://www.transfermarkt.com/viking-stavanger/startseite/verein/239/saison_id/2024,€1.05m,€27.23m,1050000.0,27230000.0,https://www.transfermarkt.com/eliteserien/startseite/wettbewerb/NO1
Eliteserien,Molde FK,687,https://www.transfermarkt.com/molde-fk/startseite/verein/687/saison_id/2024,€1.05m,€26.20m,1050000.0,26200000.0,https://www.transfermarkt.com/eliteserien/startseite/wettbewerb/NO1
Eliteserien,Rosenborg BK,195,https://www.transfermarkt.com/rosenborg-bk/startseite/verein/195/saison_id/2024,€1.06m,€25.40m,1060000.0,25400000.0,https://www.transfermarkt.com/eliteserien/startseite/wettbewerb/NO1
Eliteserien,Tromsø IL,1293,https://www.transfermarkt.com/tromso-il/startseite/verein/1293/saison_id/2024,€982k,€21.60m,982000.0,21600000.0,https://www.transfermarkt.com/eliteserien/startseite/wettbewerb/NO1
Eliteserien,Sarpsborg 08 FF,10217,https://www.transfermarkt.com/sarpsborg-08-ff/startseite/verein/10217/saison_id/2024,€630k,€17.65m,630000.0,17650000.0,https://www.transfermarkt.com/eliteserien/startseite/wettbewerb/NO1
Eliteserien,Fredrikstad FK,3837,https://www.transfermarkt.com/fredrikstad-fk/startseite/verein/3837/saison_id/2024,€538k,€15.08m,538000.0,15080000.0,https://www.transfermarkt.com/eliteserien/startseite/wettbewerb/NO1
Eliteserien,Sandefjord Fotball,6399,https://www.transfermarkt.com/sandefjord-fotball/startseite/verein/6399/saison_id/2024,€517k,€12.93m,517000.0,12930000.0,https://www.transfermarkt.com/eliteserien/startseite/wettbewerb/NO1
Eliteserien,Strømsgodset IF,2817,https://www.transfermarkt.com/stromsgodset-if/startseite/verein/2817/saison_id/2024,€448k,€10.75m,448000.0,10750000.0,https://www.transfermarkt.com/eliteserien/startseite/wettbewerb/NO1
Eliteserien,Kristiansund BK,21101,https://www.transfermarkt.com/kristiansund-bk/startseite/verein/21101/saison_id/2024,€380k,€9.88m,380000.0,9880000.0,https://www.transfermarkt.com/eliteserien/startseite/wettbewerb/NO1
Eliteserien,FK Haugesund,2761,https://www.transfermarkt.com/fk-haugesund/startseite/verein/2761/saison_id/2024,€280k,€7.85m,280000.0,7850000.0,https://www.transfermarkt.com/eliteserien/startseite/wettbewerb/NO1
Eliteserien,Bryne FK,1057,https://www.transfermarkt.com/bryne-fk/startseite/verein/1057/saison_id/2024,€292k,€7.60m,292000.0,7600000.0,https://www.transfermarkt.com/eliteserien/startseite/wettbewerb/NO1
Eliteserien,KFUM-Kameratene Oslo,23184,https://www.transfermarkt.com/kfum-kameratene-oslo/startseite/verein/23184/saison_id/2024,€309k,€7.43m,309000.0,7430000.0,https://www.transfermarkt.com/eliteserien/startseite/wettbewerb/NO1
Eliteserien,Hamarkameratene,4309,https://www.transfermarkt.com/hamarkameratene/startseite/verein/4309/saison_id/2024,€248k,€7.20m,248000.0,7200000.0,https://www.transfermarkt.com/eliteserien/startseite/wettbewerb/NO1
Eredivisie,AZ Alkmaar,1090,https://www.transfermarkt.com/az-alkmaar/startseite/verein/1090/saison_id/2025,€4.78m,€124.33m,4780000.0,124330000.0,https://www.transfermarkt.com/eredivisie/startseite/wettbewerb/NL1
Eredivisie,FC Utrecht,200,https://www.transfermarkt.com/fc-utrecht/startseite/verein/200/saison_id/2025,€2.51m,€75.15m,2510000.0,75150000.0,https://www.transfermarkt.com/eredivisie/startseite/wettbewerb/NL1
Eredivisie,NEC Nijmegen,467,https://www.transfermarkt.com/nec-nijmegen/startseite/verein/467/saison_id/2025,€1.31m,€37.95m,1310000.0,37950000.0,https://www.transfermarkt.com/eredivisie/startseite/wettbewerb/NL1
Eredivisie,SC Heerenveen,306,https://www.transfermarkt.com/sc-heerenveen/startseite/verein/306/saison_id/2025,€1.66m,€36.45m,1660000.0,36450000.0,https://www.transfermarkt.com/eredivisie/startseite/wettbewerb/NL1
Eredivisie,Go Ahead Eagles,1435,https://www.transfermarkt.com/go-ahead-eagles-deventer/startseite/verein/1435/saison_id/2025,€1.04m,€31.10m,1040000.0,31100000.0,https://www.transfermarkt.com/eredivisie/startseite/wettbewerb/NL1
Eredivisie,FC Groningen,202,https://www.transfermarkt.com/fc-groningen/startseite/verein/202/saison_id/2025,€1.01m,€27.30m,1010000.0,27300000.0,https://www.transfermarkt.com/eredivisie/startseite/wettbewerb/NL1
Eredivisie,PEC Zwolle,1269,https://www.transfermarkt.com/pec-zwolle/startseite/verein/1269/saison_id/2025,€918k,€24.78m,918000.0,24780000.0,https://www.transfermarkt.com/eredivisie/startseite/wettbewerb/NL1
Eredivisie,Sparta Rotterdam,468,https://www.transfermarkt.com/sparta-rotterdam/startseite/verein/468/saison_id/2025,€940k,€24.45m,940000.0,24450000.0,https://www.transfermarkt.com/eredivisie/startseite/wettbewerb/NL1
Eredivisie,Fortuna Sittard,385,https://www.transfermarkt.com/fortuna-sittard/startseite/verein/385/saison_id/2025,€685k,€19.18m,685000.0,19180000.0,https://www.transfermarkt.com/eredivisie/startseite/wettbewerb/NL1
Eredivisie,NAC Breda,132,https://www.transfermarkt.com/nac-breda/startseite/verein/132/saison_id/2025,€543k,€16.28m,543000.0,16280000.000000002,https://www.transfermarkt.com/eredivisie/startseite/wettbewerb/NL1
Eredivisie,Heracles Almelo,1304,https://www.transfermarkt.com/heracles-almelo/startseite/verein/1304/saison_id/2025,€551k,€15.43m,551000.0,15430000.0,https://www.transfermarkt.com/eredivisie/startseite/wettbewerb/NL1
Eredivisie,FC Volendam,724,https://www.transfermarkt.com/fc-volendam/startseite/verein/724/saison_id/2025,€334k,€9.68m,334000.0,9680000.0,https://www.transfermarkt.com/eredivisie/startseite/wettbewerb/NL1
Greek Super League,Panathinaikos FC,265,https://www.transfermarkt.com/panathinaikos-athen/startseite/verein/265/saison_id/2025,€2.79m,€92.10m,2790000.0,92100000.0,https://www.transfermarkt.com/super-league/startseite/wettbewerb/GR1
Greek Super League,AEK Athens,2441,https://www.transfermarkt.com/aek-athen/startseite/verein/2441/saison_id/2025,€2.19m,€69.98m,2190000.0,69980000.0,https://www.transfermarkt.com/super-league/startseite/wettbewerb/GR1
Indian Super League,Mohun Bagan Super Giant,83266,https://www.transfermarkt.com/atk-mohun-bagan-fc/startseite/verein/83266/saison_id/2025,€250k,€7.25m,250000.0,7250000.0,https://www.transfermarkt.com/indian-super-league/startseite/wettbewerb/IND1
Indian Super League,East Bengal FC,14099,https://www.transfermarkt.com/sc-east-bengal/startseite/verein/14099/saison_id/2025,€194k,€5.23m,194000.0,5230000.0,https://www.transfermarkt.com/indian-super-league/startseite/wettbewerb/IND1
Indian Super League,Kerala Blasters FC,45277,https://www.transfermarkt.com/kerala-blasters-fc/startseite/verein/45277/saison_id/2025,€175k,€4.90m,175000.0,4900000.0,https://www.transfermarkt.com/indian-super-league/startseite/wettbewerb/IND1
Indian Super League,FC Goa,45321,https://www.transfermarkt.com/fc-goa/startseite/verein/45321/saison_id/2025,€171k,€4.80m,171000.0,4800000.0,https://www.transfermarkt.com/indian-super-league/startseite/wettbewerb/IND1
Indian Super League,Mumbai City FC,45274,https://www.transfermarkt.com/mumbai-city-fc/startseite/verein/45274/saison_id/2025,€140k,€3.50m,140000.0,3500000.0,https://www.transfermarkt.com/indian-super-league/startseite/wettbewerb/IND1
Indian Super League,Bengaluru FC,41030,https://www.transfermarkt.com/bengaluru-fc/startseite/verein/41030/saison_id/2025,€109k,€3.26m,109000.0,3260000.0,https://www.transfermarkt.com/indian-super-league/startseite/wettbewerb/IND1
Indian Super League,Jamshedpur FC,60816,https://www.transfermarkt.com/jamshedpur-fc/startseite/verein/60816/saison_id/2025,€120k,€3.25m,120000.0,3250000.0,https://www.transfermarkt.com/indian-super-league/startseite/wettbewerb/IND1
Indian Super League,Punjab FC,85902,https://www.transfermarkt.com/roundglass-punjab-fc/startseite/verein/85902/saison_id/2025,€102k,€3.06m,102000.0,3060000.0,https://www.transfermarkt.com/indian-super-league/startseite/wettbewerb/IND1
Indian Super League,Odisha FC,45080,https://www.transfermarkt.com/odisha-fc/startseite/verein/45080/saison_id/2025,€132k,€2.78m,132000.0,2780000.0,https://www.transfermarkt.com/indian-super-league/startseite/wettbewerb/IND1
Indian Super League,Chennaiyin FC,45299,https://www.transfermarkt.com/chennaiyin-fc/startseite/verein/45299/saison_id/2025,€82k,€2.13m,82000.0,2130000.0,https://www.transfermarkt.com/indian-super-league/startseite/wettbewerb/IND1
Irish Premier Division,Shamrock Rovers,3258,https://www.transfermarkt.com/shamrock-rovers/startseite/verein/3258/saison_id/2024,€134k,€4.43m,134000.0,4430000.0,https://www.transfermarkt.com/league-of-ireland-premier-division/startseite/wettbewerb/IR1
Irish Premier Division,Derry City,920,https://www.transfermarkt.com/derry-city/startseite/verein/920/saison_id/2024,€142k,€3.55m,142000.0,3550000.0,https://www.transfermarkt.com/league-of-ireland-premier-division/startseite/wettbewerb/IR1
Irish Premier Division,Shelbourne FC,3909,https://www.transfermarkt.com/shelbourne-fc/startseite/verein/3909/saison_id/2024,€91k,€3.35m,91000.0,3350000.0,https://www.transfermarkt.com/league-of-ireland-premier-division/startseite/wettbewerb/IR1
Irish Premier Division,Waterford FC,7609,https://www.transfermarkt.com/fc-waterford/startseite/verein/7609/saison_id/2024,€62k,€1.98m,62000.0,1980000.0,https://www.transfermarkt.com/league-of-ireland-premier-division/startseite/wettbewerb/IR1
Irish Premier Division,Sligo Rovers,8780,https://www.transfermarkt.com/sligo-rovers/startseite/verein/8780/saison_id/2024,€66k,€1.78m,66000.0,1780000.0,https://www.transfermarkt.com/league-of-ireland-premier-division/startseite/wettbewerb/IR1
K League 1,Ulsan HD FC,3535,https://www.transfermarkt.com/ulsan-hyundai/startseite/verein/3535/saison_id/2024,€583k,€17.48m,583000.0,17480000.0,https://www.transfermarkt.com/k-league-1/startseite/wettbewerb/RSK1
K League 1,Jeonbuk Hyundai Motors,6502,https://www.transfermarkt.com/jeonbuk-hyundai-motors/startseite/verein/6502/saison_id/2024,€346k,€16.63m,346000.0,16629999.999999998,https://www.transfermarkt.com/k-league-1/startseite/wettbewerb/RSK1
K League 1,FC Seoul,6500,https://www.transfermarkt.com/fc-seoul/startseite/verein/6500/saison_id/2024,€394k,€14.18m,394000.0,14180000.0,https://www.transfermarkt.com/k-league-1/startseite/wettbewerb/RSK1
K League 1,Gangwon FC,21459,https://www.transfermarkt.com/gangwon-fc/startseite/verein/21459/saison_id/2024,€254k,€11.70m,254000.0,11700000.0,https://www.transfermarkt.com/k-league-1/startseite/wettbewerb/RSK1
K League 1,Pohang Steelers,311,https://www.transfermarkt.com/pohang-steelers/startseite/verein/311/saison_id/2024,€285k,€11.40m,285000.0,11400000.0,https://www.transfermarkt.com/k-league-1/startseite/wettbewerb/RSK1
K League 1,Daegu FC,6504,https://www.transfermarkt.com/daegu-fc/startseite/verein/6504/saison_id/2024,€203k,€9.93m,203000.0,9930000.0,https://www.transfermarkt.com/k-league-1/startseite/wettbewerb/RSK1
K League 1,Suwon FC,31622,https://www.transfermarkt.com/suwon-fc/startseite/verein/31622/saison_id/2024,€166k,€8.13m,166000.0,8130000.000000001,https://www.transfermarkt.com/k-league-1/startseite/wettbewerb/RSK1
K League 1,FC Anyang,38898,https://www.transfermarkt.com/fc-anyang/startseite/verein/38898/saison_id/2024,€229k,€7.78m,229000.0,7780000.0,https://www.transfermarkt.com/k-league-1/startseite/wettbewerb/RSK1
K League 1,Gwangju FC,30925,https://www.transfermarkt.com/gwangju-fc/startseite/verein/30925/saison_id/2024,€220k,€7.03m,220000.0,7030000.0,https://www.transfermarkt.com/k-league-1/startseite/wettbewerb/RSK1
La Liga,Real Madrid,418,https://www.transfermarkt.com/real-madrid/startseite/verein/418/saison_id/2025,€56.04m,€1.40bn,56040000.0,1400000000.0,https://www.transfermarkt.com/primera-division/startseite/wettbewerb/ES1
La Liga,FC Barcelona,131,https://www.transfermarkt.com/fc-barcelona/startseite/verein/131/saison_id/2025,€48.17m,€1.11bn,48170000.0,1110000000.0,https://www.transfermarkt.com/primera-division/startseite/wettbewerb/ES1
La Liga,Villarreal CF,1050,https://www.transfermarkt.com/fc-villarreal/startseite/verein/1050/saison_id/2025,€10.38m,€280.30m,10380000.0,280300000.0,https://www.transfermarkt.com/primera-division/startseite/wettbewerb/ES1
La Liga,Real Sociedad,681,https://www.transfermarkt.com/real-sociedad-san-sebastian/startseite/verein/681/saison_id/2025,€9.73m,€252.90m,9730000.0,252900000.0,https://www.transfermarkt.com/primera-division/startseite/wettbewerb/ES1
La Liga,Real Betis Balompié,150,https://www.transfermarkt.com/real-betis-sevilla/startseite/verein/150/saison_id/2025,€8.29m,€215.50m,8289999.999999999,215500000.0,https://www.transfermarkt.com/primera-division/startseite/wettbewerb/ES1
La Liga,Valencia CF,1049,https://www.transfermarkt.com/fc-valencia/startseite/verein/1049/saison_id/2025,€7.24m,€166.60m,7240000.0,166600000.0,https://www.transfermarkt.com/primera-division/startseite/wettbewerb/ES1
La Liga,Girona FC,12321,https://www.transfermarkt.com/fc-girona/startseite/verein/12321/saison_id/2025,€6.21m,€155.20m,6210000.0,155200000.0,https://www.transfermarkt.com/primera-division/startseite/wettbewerb/ES1
La Liga,Sevilla FC,368,https://www.transfermarkt.com/fc-sevilla/startseite/verein/368/saison_id/2025,€4.71m,€127.10m,4710000.0,127100000.0,https://www.transfermarkt.com/primera-division/startseite/wettbewerb/ES1
La Liga,CA Osasuna,331,https://www.transfermarkt.com/ca-osasuna/startseite/verein/331/saison_id/2025,€4.44m,€88.70m,4440000.0,88700000.0,https://www.transfermarkt.com/primera-division/startseite/wettbewerb/ES1
La Liga,Rayo Vallecano,367,https://www.transfermarkt.com/rayo-vallecano/startseite/verein/367/saison_id/2025,€3.68m,€88.40m,3680000.0,88400000.0,https://www.transfermarkt.com/primera-division/startseite/wettbewerb/ES1
La Liga,Levante UD,3368,https://www.transfermarkt.com/ud-levante/startseite/verein/3368/saison_id/2025,€3.63m,€87.20m,3630000.0,87200000.0,https://www.transfermarkt.com/primera-division/startseite/wettbewerb/ES1
La Liga,RCD Mallorca,237,https://www.transfermarkt.com/rcd-mallorca/startseite/verein/237/saison_id/2025,€3.41m,€85.20m,3410000.0,85200000.0,https://www.transfermarkt.com/primera-division/startseite/wettbewerb/ES1
La Liga,Elche CF,1531,https://www.transfermarkt.com/fc-elche/startseite/verein/1531/saison_id/2025,€3.07m,€79.90m,3070000.0,79900000.0,https://www.transfermarkt.com/primera-division/startseite/wettbewerb/ES1
La Liga,Deportivo Alavés,1108,https://www.transfermarkt.com/deportivo-alaves/startseite/verein/1108/saison_id/2025,€3.06m,€70.40m,3060000.0,70400000.0,https://www.transfermarkt.com/primera-division/startseite/wettbewerb/ES1
La Liga,Getafe CF,3709,https://www.transfermarkt.com/fc-getafe/startseite/verein/3709/saison_id/2025,€3.08m,€67.80m,3080000.0,67800000.0,https://www.transfermarkt.com/primera-division/startseite/wettbewerb/ES1
La Liga,Real Oviedo,2497,https://www.transfermarkt.com/real-oviedo/startseite/verein/2497/saison_id/2025,€2.34m,€60.80m,2340000.0,60800000.0,https://www.transfermarkt.com/primera-division/startseite/wettbewerb/ES1
La Liga 2,UD Almería,3302,https://www.transfermarkt.com/ud-almeria/startseite/verein/3302/saison_id/2025,€1.83m,€47.65m,1830000.0,47650000.0,https://www.transfermarkt.com/laliga2/startseite/wettbewerb/ES2
La Liga 2,UD Las Palmas,472,https://www.transfermarkt.com/ud-las-palmas/startseite/verein/472/saison_id/2025,€1.40m,€39.30m,1400000.0,39300000.0,https://www.transfermarkt.com/laliga2/startseite/wettbewerb/ES2
La Liga 2,Racing Santander,630,https://www.transfermarkt.com/racing-santander/startseite/verein/630/saison_id/2025,€1.55m,€37.30m,1550000.0,37300000.0,https://www.transfermarkt.com/laliga2/startseite/wettbewerb/ES2
La Liga 2,Real Valladolid CF,366,https://www.transfermarkt.com/real-valladolid/startseite/verein/366/saison_id/2025,€1.03m,€26.90m,1030000.0,26900000.0,https://www.transfermarkt.com/laliga2/startseite/wettbewerb/ES2
La Liga 2,CD Leganés,1244,https://www.transfermarkt.com/cd-leganes/startseite/verein/1244/saison_id/2025,€1.06m,€25.40m,1060000.0,25400000.0,https://www.transfermarkt.com/laliga2/startseite/wettbewerb/ES2
La Liga 2,Real Zaragoza,142,https://www.transfermarkt.com/real-saragossa/startseite/verein/142/saison_id/2025,€977k,€25.40m,977000.0,25400000.0,https://www.transfermarkt.com/laliga2/startseite/wettbewerb/ES2
La Liga 2,Granada CF,16795,https://www.transfermarkt.com/fc-granada/startseite/verein/16795/saison_id/2025,€976k,€20.50m,976000.0,20500000.0,https://www.transfermarkt.com/laliga2/startseite/wettbewerb/ES2
La Liga 2,CD Mirandés,13222,https://www.transfermarkt.com/cd-mirandes/startseite/verein/13222/saison_id/2025,€817k,€19.60m,817000.0,19600000.0,https://www.transfermarkt.com/laliga2/startseite/wettbewerb/ES2
La Liga 2,Cádiz CF,2687,https://www.transfermarkt.com/fc-cadiz/startseite/verein/2687/saison_id/2025,€808k,€19.40m,808000.0,19400000.0,https://www.transfermarkt.com/laliga2/startseite/wettbewerb/ES2
La Liga 2,Burgos CF,1536,https://www.transfermarkt.com/burgos-cf/startseite/verein/1536/saison_id/2025,€813k,€18.70m,813000.0,18700000.0,https://www.transfermarkt.com/laliga2/startseite/wettbewerb/ES2
La Liga 2,SD Eibar,1533,https://www.transfermarkt.com/sd-eibar/startseite/verein/1533/saison_id/2025,€771k,€18.50m,771000.0,18500000.0,https://www.transfermarkt.com/laliga2/startseite/wettbewerb/ES2
La Liga 2,Málaga CF,1084,https://www.transfermarkt.com/fc-malaga/startseite/verein/1084/saison_id/2025,€579k,€16.20m,579000.0,16200000.0,https://www.transfermarkt.com/laliga2/startseite/wettbewerb/ES2
La Liga 2,Cultural Leonesa,4542,https://www.transfermarkt.com/cultural-leonesa/startseite/verein/4542/saison_id/2025,€570k,€15.95m,570000.0,15950000.0,https://www.transfermarkt.com/laliga2/startseite/wettbewerb/ES2
La Liga 2,CD Castellón,2502,https://www.transfermarkt.com/cd-castellon/startseite/verein/2502/saison_id/2025,€604k,€15.70m,604000.0,15700000.0,https://www.transfermarkt.com/laliga2/startseite/wettbewerb/ES2
La Liga 2,Córdoba CF,993,https://www.transfermarkt.com/fc-cordoba/startseite/verein/993/saison_id/2025,€558k,€14.50m,558000.0,14500000.0,https://www.transfermarkt.com/laliga2/startseite/wettbewerb/ES2
La Liga 2,Albacete Balompié,1532,https://www.transfermarkt.com/albacete-balompie/startseite/verein/1532/saison_id/2025,€641k,€14.10m,641000.0,14100000.0,https://www.transfermarkt.com/laliga2/startseite/wettbewerb/ES2
La Liga 2,FC Andorra,10718,https://www.transfermarkt.com/fc-andorra/startseite/verein/10718/saison_id/2025,€508k,€13.20m,508000.0,13200000.0,https://www.transfermarkt.com/laliga2/startseite/wettbewerb/ES2
La Liga 2,SD Huesca,5358,https://www.transfermarkt.com/sd-huesca/startseite/verein/5358/saison_id/2025,€434k,€12.15m,434000.0,12150000.0,https://www.transfermarkt.com/laliga2/startseite/wettbewerb/ES2
La Liga 2,AD Ceuta FC,8568,https://www.transfermarkt.com/ad-ceuta/startseite/verein/8568/saison_id/2025,€417k,€10.85m,417000.0,10850000.0,https://www.transfermarkt.com/laliga2/startseite/wettbewerb/ES2
Liga I,FCSB,301,https://www.transfermarkt.com/fcsb/startseite/verein/301/saison_id/2025,€1.67m,€48.43m,1670000.0,48430000.0,https://www.transfermarkt.com/liga-1/startseite/wettbewerb/RO1
Liga I,CFR Cluj,7769,https://www.transfermarkt.com/cfr-cluj/startseite/verein/7769/saison_id/2025,€994k,€36.78m,994000.0,36780000.0,https://www.transfermarkt.com/liga-1/startseite/wettbewerb/RO1
Liga I,FCV Farul Constanta,29831,https://www.transfermarkt.com/fc-viitorul-constanta/startseite/verein/29831/saison_id/2025,€366k,€11.73m,366000.0,11730000.0,https://www.transfermarkt.com/liga-1/startseite/wettbewerb/RO1
Liga I,FC Botosani,8818,https://www.transfermarkt.com/fc-botosani/startseite/verein/8818/saison_id/2025,€279k,€10.60m,279000.0,10600000.0,https://www.transfermarkt.com/liga-1/startseite/wettbewerb/RO1
Liga I,UTA Arad,952,https://www.transfermarkt.com/uta-arad/startseite/verein/952/saison_id/2025,€343k,€9.95m,343000.0,9950000.0,https://www.transfermarkt.com/liga-1/startseite/wettbewerb/RO1
Liga I,FC Hermannstadt,58049,https://www.transfermarkt.com/fc-hermannstadt/startseite/verein/58049/saison_id/2025,€330k,€9.25m,330000.0,9250000.0,https://www.transfermarkt.com/liga-1/startseite/wettbewerb/RO1
Ligue 1 Uber Eats,Paris Saint-Germain,583,https://www.transfermarkt.com/fc-paris-saint-germain/startseite/verein/583/saison_id/2025,€47.81m,€1.15bn,47810000.0,1150000000.0,https://www.transfermarkt.com/ligue-1/startseite/wettbewerb/FR1
Ligue 1 Uber Eats,AS Monaco,162,https://www.transfermarkt.com/as-monaco/startseite/verein/162/saison_id/2025,€12.44m,€348.30m,12440000.0,348300000.0,https://www.transfermarkt.com/ligue-1/startseite/wettbewerb/FR1
Ligue 1 Uber Eats,RC Strasbourg Alsace,667,https://www.transfermarkt.com/rc-strassburg-alsace/startseite/verein/667/saison_id/2025,€9.94m,€278.30m,9940000.0,278300000.0,https://www.transfermarkt.com/ligue-1/startseite/wettbewerb/FR1
Ligue 1 Uber Eats,OGC Nice,417,https://www.transfermarkt.com/ogc-nizza/startseite/verein/417/saison_id/2025,€6.12m,€177.60m,6120000.0,177600000.0,https://www.transfermarkt.com/ligue-1/startseite/wettbewerb/FR1
Ligue 1 Uber Eats,Stade Rennais FC,273,https://www.transfermarkt.com/fc-stade-rennes/startseite/verein/273/saison_id/2025,€7.83m,€172.30m,7830000.0,172300000.0,https://www.transfermarkt.com/ligue-1/startseite/wettbewerb/FR1
Ligue 1 Uber Eats,Paris FC,10004,https://www.transfermarkt.com/paris-fc/startseite/verein/10004/saison_id/2025,€3.67m,€102.80m,3670000.0,102800000.0,https://www.transfermarkt.com/ligue-1/startseite/wettbewerb/FR1
Ligue 1 Uber Eats,RC Lens,826,https://www.transfermarkt.com/rc-lens/startseite/verein/826/saison_id/2025,€3.26m,€91.35m,3260000.0,91350000.0,https://www.transfermarkt.com/ligue-1/startseite/wettbewerb/FR1
Ligue 1 Uber Eats,Stade Brestois 29,3911,https://www.transfermarkt.com/stade-brest-29/startseite/verein/3911/saison_id/2025,€3.55m,€88.70m,3550000.0,88700000.0,https://www.transfermarkt.com/ligue-1/startseite/wettbewerb/FR1
Ligue 1 Uber Eats,FC Nantes,995,https://www.transfermarkt.com/fc-nantes/startseite/verein/995/saison_id/2025,€3.22m,€83.60m,3220000.0,83600000.0,https://www.transfermarkt.com/ligue-1/startseite/wettbewerb/FR1
Ligue 1 Uber Eats,AJ Auxerre,290,https://www.transfermarkt.com/aj-auxerre/startseite/verein/290/saison_id/2025,€2.57m,€71.85m,2570000.0,71850000.0,https://www.transfermarkt.com/ligue-1/startseite/wettbewerb/FR1
Ligue 1 Uber Eats,FC Lorient,1158,https://www.transfermarkt.com/fc-lorient/startseite/verein/1158/saison_id/2025,€2.54m,€65.95m,2540000.0,65950000.0,https://www.transfermarkt.com/ligue-1/startseite/wettbewerb/FR1
Ligue 1 Uber Eats,FC Metz,347,https://www.transfermarkt.com/fc-metz/startseite/verein/347/saison_id/2025,€1.84m,€51.55m,1840000.0,51550000.0,https://www.transfermarkt.com/ligue-1/startseite/wettbewerb/FR1
Ligue 1 Uber Eats,Le Havre AC,738,https://www.transfermarkt.com/ac-le-havre/startseite/verein/738/saison_id/2025,€1.78m,€46.25m,1780000.0,46250000.0,https://www.transfermarkt.com/ligue-1/startseite/wettbewerb/FR1
Ligue 1 Uber Eats,Angers SCO,1420,https://www.transfermarkt.com/sco-angers/startseite/verein/1420/saison_id/2025,€1.31m,€32.65m,1310000.0,32650000.0,https://www.transfermarkt.com/ligue-1/startseite/wettbewerb/FR1
Ligue 2 BKT,AS Saint-Étienne,618,https://www.transfermarkt.com/as-saint-etienne/startseite/verein/618/saison_id/2025,€2.62m,€68.00m,2620000.0,68000000.0,https://www.transfermarkt.com/ligue-2/startseite/wettbewerb/FR2
Ligue 2 BKT,Montpellier HSC,969,https://www.transfermarkt.com/montpellier-hsc/startseite/verein/969/saison_id/2025,€888k,€22.20m,888000.0,22200000.0,https://www.transfermarkt.com/ligue-2/startseite/wettbewerb/FR2
Ligue 2 BKT,ESTAC Troyes,1095,https://www.transfermarkt.com/es-troyes-ac/startseite/verein/1095/saison_id/2025,€653k,€18.28m,653000.0,18280000.0,https://www.transfermarkt.com/ligue-2/startseite/wettbewerb/FR2
Ligue 2 BKT,USL Dunkerque,9202,https://www.transfermarkt.com/usl-dunkerque/startseite/verein/9202/saison_id/2025,€666k,€16.65m,666000.0,16649999.999999998,https://www.transfermarkt.com/ligue-2/startseite/wettbewerb/FR2
Ligue 2 BKT,Amiens SC,1416,https://www.transfermarkt.com/amiens-sc/startseite/verein/1416/saison_id/2025,€596k,€14.90m,596000.0,14900000.0,https://www.transfermarkt.com/ligue-2/startseite/wettbewerb/FR2
Ligue 2 BKT,Red Star FC,1154,https://www.transfermarkt.com/red-star-fc/startseite/verein/1154/saison_id/2025,€507k,€13.70m,507000.0,13700000.0,https://www.transfermarkt.com/ligue-2/startseite/wettbewerb/FR2
Ligue 2 BKT,Grenoble Foot 38,1290,https://www.transfermarkt.com/grenoble-foot-38/startseite/verein/1290/saison_id/2025,€456k,€12.33m,456000.0,12330000.0,https://www.transfermarkt.com/ligue-2/startseite/wettbewerb/FR2
Ligue 2 BKT,Pau FC,3166,https://www.transfermarkt.com/pau-fc/startseite/verein/3166/saison_id/2025,€491k,€11.30m,491000.0,11300000.0,https://www.transfermarkt.com/ligue-2/startseite/wettbewerb/FR2
Ligue 2 BKT,Clermont Foot 63,3524,https://www.transfermarkt.com/clermont-foot-63/startseite/verein/3524/saison_id/2025,€404k,€10.90m,404000.0,10900000.0,https://www.transfermarkt.com/ligue-2/startseite/wettbewerb/FR2
Ligue 2 BKT,FC Annecy,30204,https://www.transfermarkt.com/fc-annecy/startseite/verein/30204/saison_id/2025,€282k,€7.90m,282000.0,7900000.0,https://www.transfermarkt.com/ligue-2/startseite/wettbewerb/FR2
Ligue 2 BKT,Le Mans FC,1164,https://www.transfermarkt.com/le-mans-fc/startseite/verein/1164/saison_id/2025,€288k,€7.48m,288000.0,7480000.0,https://www.transfermarkt.com/ligue-2/startseite/wettbewerb/FR2
Major League Soccer,Los Angeles FC,51828,https://www.transfermarkt.com/los-angeles-fc/startseite/verein/51828/saison_id/2024,€2.14m,€66.48m,2140000.0,66480000.00000001,https://www.transfermarkt.com/major-league-soccer/startseite/wettbewerb/MLS1
Major League Soccer,FC Cincinnati,51772,https://www.transfermarkt.com/fc-cincinnati/startseite/verein/51772/saison_id/2024,€2.25m,€65.35m,2250000.0,65349999.99999999,https://www.transfermarkt.com/major-league-soccer/startseite/wettbewerb/MLS1
Major League Soccer,Portland Timbers,4291,https://www.transfermarkt.com/portland-timbers/startseite/verein/4291/saison_id/2024,€2.19m,€56.85m,2190000.0,56850000.0,https://www.transfermarkt.com/major-league-soccer/startseite/wettbewerb/MLS1
Major League Soccer,Seattle Sounders FC,9636,https://www.transfermarkt.com/seattle-sounders-fc/startseite/verein/9636/saison_id/2024,€2.00m,€56.00m,2000000.0,56000000.0,https://www.transfermarkt.com/major-league-soccer/startseite/wettbewerb/MLS1
Major League Soccer,Vancouver Whitecaps FC,6321,https://www.transfermarkt.com/vancouver-whitecaps-fc/startseite/verein/6321/saison_id/2024,€1.73m,€53.55m,1730000.0,53550000.0,https://www.transfermarkt.com/major-league-soccer/startseite/wettbewerb/MLS1
Major League Soccer,Columbus Crew,813,https://www.transfermarkt.com/columbus-crew-sc/startseite/verein/813/saison_id/2024,€1.89m,€53.03m,1890000.0,53030000.0,https://www.transfermarkt.com/major-league-soccer/startseite/wettbewerb/MLS1
Major League Soccer,New York City FC,40058,https://www.transfermarkt.com/new-york-city-fc/startseite/verein/40058/saison_id/2024,€1.60m,€47.98m,1600000.0,47980000.0,https://www.transfermarkt.com/major-league-soccer/startseite/wettbewerb/MLS1
Major League Soccer,Charlotte FC,78435,https://www.transfermarkt.com/charlotte-fc/startseite/verein/78435/saison_id/2024,€1.52m,€46.98m,1520000.0,46980000.0,https://www.transfermarkt.com/major-league-soccer/startseite/wettbewerb/MLS1
Major League Soccer,San Diego FC,114977,https://www.transfermarkt.com/san-diego-fc/startseite/verein/114977/saison_id/2024,€1.56m,€46.65m,1560000.0,46650000.0,https://www.transfermarkt.com/major-league-soccer/startseite/wettbewerb/MLS1
Major League Soccer,Austin FC,72309,https://www.transfermarkt.com/austin-fc/startseite/verein/72309/saison_id/2024,€1.80m,€45.05m,1800000.0,45050000.0,https://www.transfermarkt.com/major-league-soccer/startseite/wettbewerb/MLS1
Major League Soccer,Minnesota United FC,56089,https://www.transfermarkt.com/minnesota-united-fc/startseite/verein/56089/saison_id/2024,€1.70m,€44.15m,1700000.0,44150000.0,https://www.transfermarkt.com/major-league-soccer/startseite/wettbewerb/MLS1
Major League Soccer,Colorado Rapids,1247,https://www.transfermarkt.com/colorado-rapids/startseite/verein/1247/saison_id/2024,€1.60m,€43.13m,1600000.0,43130000.0,https://www.transfermarkt.com/major-league-soccer/startseite/wettbewerb/MLS1
Major League Soccer,Orlando City SC,45604,https://www.transfermarkt.com/orlando-city-sc/startseite/verein/45604/saison_id/2024,€1.48m,€42.98m,1480000.0,42980000.0,https://www.transfermarkt.com/major-league-soccer/startseite/wettbewerb/MLS1
Major League Soccer,Nashville SC,63966,https://www.transfermarkt.com/nashville-sc/startseite/verein/63966/saison_id/2024,€1.32m,€40.83m,1320000.0,40830000.0,https://www.transfermarkt.com/major-league-soccer/startseite/wettbewerb/MLS1
Major League Soccer,Philadelphia Union,25467,https://www.transfermarkt.com/philadelphia-union/startseite/verein/25467/saison_id/2024,€1.31m,€39.28m,1310000.0,39280000.0,https://www.transfermarkt.com/major-league-soccer/startseite/wettbewerb/MLS1
Major League Soccer,New York Red Bulls,623,https://www.transfermarkt.com/new-york-red-bulls/startseite/verein/623/saison_id/2024,€1.07m,€38.55m,1070000.0,38550000.0,https://www.transfermarkt.com/major-league-soccer/startseite/wettbewerb/MLS1
Major League Soccer,St. Louis CITY SC,82686,https://www.transfermarkt.com/st-louis-city-sc/startseite/verein/82686/saison_id/2024,€1.17m,€37.36m,1170000.0,37360000.0,https://www.transfermarkt.com/major-league-soccer/startseite/wettbewerb/MLS1
Major League Soccer,New England Revolution,626,https://www.transfermarkt.com/new-england-revolution/startseite/verein/626/saison_id/2024,€1.38m,€37.18m,1380000.0,37180000.0,https://www.transfermarkt.com/major-league-soccer/startseite/wettbewerb/MLS1
Major League Soccer,San Jose Earthquakes,218,https://www.transfermarkt.com/san-jose-earthquakes/startseite/verein/218/saison_id/2024,€1.12m,€34.68m,1120000.0,34680000.0,https://www.transfermarkt.com/major-league-soccer/startseite/wettbewerb/MLS1
Major League Soccer,Sporting Kansas City,4284,https://www.transfermarkt.com/sporting-kansas-city/startseite/verein/4284/saison_id/2024,€1.33m,€33.35m,1330000.0,33350000.0,https://www.transfermarkt.com/major-league-soccer/startseite/wettbewerb/MLS1
Major League Soccer,FC Dallas,8816,https://www.transfermarkt.com/fc-dallas/startseite/verein/8816/saison_id/2024,€951k,€30.43m,951000.0,30430000.0,https://www.transfermarkt.com/major-league-soccer/startseite/wettbewerb/MLS1
Major League Soccer,CF Montréal,4078,https://www.transfermarkt.com/club-de-foot-montreal/startseite/verein/4078/saison_id/2024,€1.09m,€27.30m,1090000.0,27300000.0,https://www.transfermarkt.com/major-league-soccer/startseite/wettbewerb/MLS1
Major League Soccer,Toronto FC,11141,https://www.transfermarkt.com/toronto-fc/startseite/verein/11141/saison_id/2024,€1.05m,€26.30m,1050000.0,26300000.0,https://www.transfermarkt.com/major-league-soccer/startseite/wettbewerb/MLS1
Premier League,Manchester City,281,https://www.transfermarkt.com/manchester-city/startseite/verein/281/saison_id/2025,€46.64m,€1.21bn,46640000.0,1210000000.0,https://www.transfermarkt.com/premier-league/startseite/wettbewerb/GB1
Premier League,Tottenham Hotspur,148,https://www.transfermarkt.com/tottenham-hotspur/startseite/verein/148/saison_id/2025,€31.74m,€920.60m,31740000.0,920600000.0,https://www.transfermarkt.com/premier-league/startseite/wettbewerb/GB1
Premier League,Newcastle United,762,https://www.transfermarkt.com/newcastle-united/startseite/verein/762/saison_id/2025,€25.93m,€751.83m,25930000.0,751830000.0,https://www.transfermarkt.com/premier-league/startseite/wettbewerb/GB1
Premier League,Manchester United,985,https://www.transfermarkt.com/manchester-united/startseite/verein/985/saison_id/2025,€28.08m,€730.20m,28080000.0,730200000.0,https://www.transfermarkt.com/premier-league/startseite/wettbewerb/GB1
Premier League,Nottingham Forest,703,https://www.transfermarkt.com/nottingham-forest/startseite/verein/703/saison_id/2025,€23.03m,€644.70m,23030000.0,644700000.0,https://www.transfermarkt.com/premier-league/startseite/wettbewerb/GB1
Premier League,Aston Villa,405,https://www.transfermarkt.com/aston-villa/startseite/verein/405/saison_id/2025,€23.74m,€546.00m,23740000.0,546000000.0,https://www.transfermarkt.com/premier-league/startseite/wettbewerb/GB1
Premier League,Brighton & Hove Albion,1237,https://www.transfermarkt.com/brighton-amp-hove-albion/startseite/verein/1237/saison_id/2025,€20.02m,€520.60m,20020000.0,520600000.0,https://www.transfermarkt.com/premier-league/startseite/wettbewerb/GB1
Premier League,Crystal Palace,873,https://www.transfermarkt.com/crystal-palace/startseite/verein/873/saison_id/2025,€16.15m,€484.53m,16149999.999999998,484530000.0,https://www.transfermarkt.com/premier-league/startseite/wettbewerb/GB1
Premier League,AFC Bournemouth,989,https://www.transfermarkt.com/afc-bournemouth/startseite/verein/989/saison_id/2025,€17.92m,€448.10m,17920000.0,448100000.0,https://www.transfermarkt.com/premier-league/startseite/wettbewerb/GB1
Premier League,West Ham United,379,https://www.transfermarkt.com/west-ham-united/startseite/verein/379/saison_id/2025,€15.42m,€400.80m,15420000.0,400800000.0,https://www.transfermarkt.com/premier-league/startseite/wettbewerb/GB1
Premier League,Wolverhampton Wanderers,543,https://www.transfermarkt.com/wolverhampton-wanderers/startseite/verein/543/saison_id/2025,€14.48m,€376.60m,14480000.0,376600000.0,https://www.transfermarkt.com/premier-league/startseite/wettbewerb/GB1
Premier League,Fulham FC,931,https://www.transfermarkt.com/fc-fulham/startseite/verein/931/saison_id/2025,€15.58m,€374.00m,15580000.0,374000000.0,https://www.transfermarkt.com/premier-league/startseite/wettbewerb/GB1
Premier League,Leeds United,399,https://www.transfermarkt.com/leeds-united/startseite/verein/399/saison_id/2025,€12.17m,€316.30m,12170000.0,316300000.0,https://www.transfermarkt.com/premier-league/startseite/wettbewerb/GB1
Premyer Liqa,Qarabağ FK,10625,https://www.transfermarkt.com/qarabag-fk/startseite/verein/10625/saison_id/2025,€993k,€24.83m,993000.0,24830000.0,https://www.transfermarkt.com/premyer-liqasi/startseite/wettbewerb/AZ1
Primeira Liga,Sporting CP,336,https://www.transfermarkt.com/sporting-lissabon/startseite/verein/336/saison_id/2025,€17.79m,€462.50m,17790000.0,462500000.0,https://www.transfermarkt.com/liga-portugal/startseite/wettbewerb/PO1
Primeira Liga,FC Porto,720,https://www.transfermarkt.com/fc-porto/startseite/verein/720/saison_id/2025,€15.07m,€391.80m,15070000.0,391800000.0,https://www.transfermarkt.com/liga-portugal/startseite/wettbewerb/PO1
Primeira Liga,SL Benfica,294,https://www.transfermarkt.com/benfica-lissabon/startseite/verein/294/saison_id/2025,€13.73m,€357.00m,13730000.0,357000000.0,https://www.transfermarkt.com/liga-portugal/startseite/wettbewerb/PO1
Primeira Liga,Rio Ave FC,2425,https://www.transfermarkt.com/rio-ave-fc/startseite/verein/2425/saison_id/2025,€1.42m,€42.58m,1420000.0,42580000.0,https://www.transfermarkt.com/liga-portugal/startseite/wettbewerb/PO1
Primeira Liga,GD Estoril Praia,1465,https://www.transfermarkt.com/gd-estoril-praia/startseite/verein/1465/saison_id/2025,€1.55m,€40.25m,1550000.0,40250000.0,https://www.transfermarkt.com/liga-portugal/startseite/wettbewerb/PO1
Primeira Liga,Gil Vicente FC,2424,https://www.transfermarkt.com/gil-vicente-fc/startseite/verein/2424/saison_id/2025,€1.15m,€28.70m,1150000.0,28700000.0,https://www.transfermarkt.com/liga-portugal/startseite/wettbewerb/PO1
Primeira Liga,Moreirense FC,979,https://www.transfermarkt.com/moreirense-fc/startseite/verein/979/saison_id/2025,€1.05m,€27.20m,1050000.0,27200000.0,https://www.transfermarkt.com/liga-portugal/startseite/wettbewerb/PO1
Primeira Liga,FC Arouca,8024,https://www.transfermarkt.com/fc-arouca/startseite/verein/8024/saison_id/2025,€935k,€24.30m,935000.0,24300000.0,https://www.transfermarkt.com/liga-portugal/startseite/wettbewerb/PO1
Primeira Liga,CD Tondela,7179,https://www.transfermarkt.com/cd-tondela/startseite/verein/7179/saison_id/2025,€809k,€22.65m,809000.0,22650000.0,https://www.transfermarkt.com/liga-portugal/startseite/wettbewerb/PO1
Primeira Liga,CD Nacional,982,https://www.transfermarkt.com/cd-nacional/startseite/verein/982/saison_id/2025,€599k,€18.58m,599000.0,18580000.0,https://www.transfermarkt.com/liga-portugal/startseite/wettbewerb/PO1
Primera División,Racing Club,1444,https://www.transfermarkt.com/racing-club/startseite/verein/1444/saison_id/2024,€2.34m,€77.23m,2340000.0,77230000.0,https://www.transfermarkt.com/torneo-apertura/startseite/wettbewerb/ARG1
Primera División,Defensa y Justicia,2402,https://www.transfermarkt.com/defensa-y-justicia/startseite/verein/2402/saison_id/2024,€877k,€28.08m,877000.0,28080000.0,https://www.transfermarkt.com/torneo-apertura/startseite/wettbewerb/ARG1
Primera División,CA Banfield,830,https://www.transfermarkt.com/club-atletico-banfield/startseite/verein/830/saison_id/2024,€524k,€17.30m,524000.0,17300000.0,https://www.transfermarkt.com/torneo-apertura/startseite/wettbewerb/ARG1
Primera División,CA Aldosivi,12301,https://www.transfermarkt.com/club-atletico-aldosivi/startseite/verein/12301/saison_id/2024,€340k,€10.89m,340000.0,10890000.0,https://www.transfermarkt.com/torneo-apertura/startseite/wettbewerb/ARG1
Saudi Pro League,NEOM SC,34911,https://www.transfermarkt.com/al-suqoor/startseite/verein/34911/saison_id/2025,€2.82m,€78.90m,2820000.0,78900000.0,https://www.transfermarkt.com/saudi-professional-league/startseite/wettbewerb/SA1
Saudi Pro League,Damac FC,50532,https://www.transfermarkt.com/damac-fc/startseite/verein/50532/saison_id/2025,€616k,€15.40m,616000.0,15400000.0,https://www.transfermarkt.com/saudi-professional-league/startseite/wettbewerb/SA1
Saudi Pro League,Al-Najma SC,32328,https://www.transfermarkt.com/al-najma/startseite/verein/32328/saison_id/2025,€511k,€13.80m,511000.0,13800000.0,https://www.transfermarkt.com/saudi-professional-league/startseite/wettbewerb/SA1
Scottish Premiership,Rangers FC,124,https://www.transfermarkt.com/glasgow-rangers/startseite/verein/124/saison_id/2025,€3.60m,€104.45m,3600000.0,104450000.0,https://www.transfermarkt.com/scottish-premiership/startseite/wettbewerb/SC1
Scottish Premiership,Dundee United FC,1519,https://www.transfermarkt.com/dundee-united-fc/startseite/verein/1519/saison_id/2025,€476k,€10.48m,476000.0,10480000.0,https://www.transfermarkt.com/scottish-premiership/startseite/wettbewerb/SC1
Scottish Premiership,Motherwell FC,987,https://www.transfermarkt.com/motherwell-fc/startseite/verein/987/saison_id/2025,€311k,€9.03m,311000.0,9030000.0,https://www.transfermarkt.com/scottish-premiership/startseite/wettbewerb/SC1
Scottish Premiership,Livingston FC,1241,https://www.transfermarkt.com/livingston-fc/startseite/verein/1241/saison_id/2025,€302k,€7.85m,302000.0,7850000.0,https://www.transfermarkt.com/scottish-premiership/startseite/wettbewerb/SC1
Scottish Premiership,Dundee FC,511,https://www.transfermarkt.com/dundee-fc/startseite/verein/511/saison_id/2025,€285k,€7.13m,285000.0,7130000.0,https://www.transfermarkt.com/scottish-premiership/startseite/wettbewerb/SC1
Serie A,AC Milan,5,https://www.transfermarkt.com/ac-mailand/startseite/verein/5/saison_id/2025,€21.43m,€471.50m,21430000.0,471500000.0,https://www.transfermarkt.com/serie-a/startseite/wettbewerb/IT1
Serie B,Palermo FC,458,https://www.transfermarkt.com/palermo-fc/startseite/verein/458/saison_id/2025,€1.55m,€38.85m,1550000.0,38850000.0,https://www.transfermarkt.com/serie-b/startseite/wettbewerb/IT2
Serie B,Cesena FC,1429,https://www.transfermarkt.com/cesena-fc/startseite/verein/1429/saison_id/2025,€909k,€24.55m,909000.0,24550000.0,https://www.transfermarkt.com/serie-b/startseite/wettbewerb/IT2
Serie B,SS Juve Stabia,5587,https://www.transfermarkt.com/ss-juve-stabia/startseite/verein/5587/saison_id/2025,€802k,€22.45m,802000.0,22450000.0,https://www.transfermarkt.com/serie-b/startseite/wettbewerb/IT2
Serie B,SSC Bari,332,https://www.transfermarkt.com/ssc-bari/startseite/verein/332/saison_id/2025,€774k,€22.45m,774000.0,22450000.0,https://www.transfermarkt.com/serie-b/startseite/wettbewerb/IT2
Serie B,Calcio Padova,3037,https://www.transfermarkt.com/calcio-padova/startseite/verein/3037/saison_id/2025,€437k,€13.10m,437000.0,13100000.0,https://www.transfermarkt.com/serie-b/startseite/wettbewerb/IT2
Serie B,Virtus Entella,20519,https://www.transfermarkt.com/virtus-entella/startseite/verein/20519/saison_id/2025,€359k,€10.05m,359000.0,10050000.0,https://www.transfermarkt.com/serie-b/startseite/wettbewerb/IT2
Super League,FC Basel 1893,26,https://www.transfermarkt.com/fc-basel-1893/startseite/verein/26/saison_id/2025,€2.41m,€79.50m,2410000.0,79500000.0,https://www.transfermarkt.com/super-league/startseite/wettbewerb/C1
Super League,BSC Young Boys,452,https://www.transfermarkt.com/bsc-young-boys/startseite/verein/452/saison_id/2025,€2.79m,€72.60m,2790000.0,72600000.0,https://www.transfermarkt.com/super-league/startseite/wettbewerb/C1
Super League,FC Lugano,2790,https://www.transfermarkt.com/fc-lugano/startseite/verein/2790/saison_id/2025,€1.73m,€51.98m,1730000.0,51980000.0,https://www.transfermarkt.com/super-league/startseite/wettbewerb/C1
Super League,FC Zürich,260,https://www.transfermarkt.com/fc-zurich/startseite/verein/260/saison_id/2025,€970k,€27.15m,970000.0,27150000.0,https://www.transfermarkt.com/super-league/startseite/wettbewerb/C1
Super League,FC Lausanne-Sport,527,https://www.transfermarkt.com/fc-lausanne-sport/startseite/verein/527/saison_id/2025,€998k,€26.95m,998000.0,26950000.0,https://www.transfermarkt.com/super-league/startseite/wettbewerb/C1
Super League,FC Luzern,434,https://www.transfermarkt.com/fc-luzern/startseite/verein/434/saison_id/2025,€837k,€25.95m,837000.0,25950000.0,https://www.transfermarkt.com/super-league/startseite/wettbewerb/C1
Super League,Servette FC,61,https://www.transfermarkt.com/servette-fc/startseite/verein/61/saison_id/2025,€872k,€23.55m,872000.0,23550000.0,https://www.transfermarkt.com/super-league/startseite/wettbewerb/C1
Super League,FC Sion,321,https://www.transfermarkt.com/fc-sion/startseite/verein/321/saison_id/2025,€694k,€18.75m,694000.0,18750000.0,https://www.transfermarkt.com/super-league/startseite/wettbewerb/C1
Super League,Grasshopper Club Zurich,504,https://www.transfermarkt.com/grasshopper-club-zurich/startseite/verein/504/saison_id/2025,€686k,€17.15m,686000.0,17150000.0,https://www.transfermarkt.com/super-league/startseite/wettbewerb/C1
Super League,FC Thun,938,https://www.transfermarkt.com/fc-thun/startseite/verein/938/saison_id/2025,€538k,€13.45m,538000.0,13450000.0,https://www.transfermarkt.com/super-league/startseite/wettbewerb/C1
Super League,FC Winterthur,242,https://www.transfermarkt.com/fc-winterthur/startseite/verein/242/saison_id/2025,€332k,€9.95m,332000.0,9950000.0,https://www.transfermarkt.com/super-league/startseite/wettbewerb/C1
Superliga,FC Midtjylland,865,https://www.transfermarkt.com/fc-midtjylland/startseite/verein/865/saison_id/2025,€2.79m,€78.25m,2790000.0,78250000.0,https://www.transfermarkt.com/superligaen/startseite/wettbewerb/DK1
Superliga,Viborg FF,1063,https://www.transfermarkt.com/viborg-ff/startseite/verein/1063/saison_id/2025,€786k,€18.88m,786000.0,18880000.0,https://www.transfermarkt.com/superligaen/startseite/wettbewerb/DK1
Superliga,Silkeborg IF,1177,https://www.transfermarkt.com/silkeborg-if/startseite/verein/1177/saison_id/2025,€641k,€17.95m,641000.0,17950000.0,https://www.transfermarkt.com/superligaen/startseite/wettbewerb/DK1
Superliga,Vejle Boldklub,443,https://www.transfermarkt.com/vejle-boldklub/startseite/verein/443/saison_id/2025,€488k,€15.60m,488000.0,15600000.0,https://www.transfermarkt.com/superligaen/startseite/wettbewerb/DK1
Superliga,Randers FC,5724,https://www.transfermarkt.com/randers-fc/startseite/verein/5724/saison_id/2025,€589k,€14.73m,589000.0,14730000.0,https://www.transfermarkt.com/superligaen/startseite/wettbewerb/DK1
Superliga,Odense Boldklub,173,https://www.transfermarkt.com/odense-boldklub/startseite/verein/173/saison_id/2025,€470k,€12.23m,470000.0,12230000.0,https://www.transfermarkt.com/superligaen/startseite/wettbewerb/DK1
Turkish Süper Lig,Besiktas JK,114,https://www.transfermarkt.com/besiktas-istanbul/startseite/verein/114/saison_id/2025,€5.99m,€167.80m,5990000.0,167800000.0,https://www.transfermarkt.com/super-lig/startseite/wettbewerb/TR1
Turkish Süper Lig,Trabzonspor,449,https://www.transfermarkt.com/trabzonspor/startseite/verein/449/saison_id/2025,€3.56m,€103.10m,3560000.0,103100000.0,https://www.transfermarkt.com/super-lig/startseite/wettbewerb/TR1
Turkish Süper Lig,Samsunspor,152,https://www.transfermarkt.com/samsunspor/startseite/verein/152/saison_id/2025,€1.72m,€49.90m,1720000.0,49900000.0,https://www.transfermarkt.com/super-lig/startseite/wettbewerb/TR1
Turkish Süper Lig,Caykur Rizespor,126,https://www.transfermarkt.com/caykur-rizespor/startseite/verein/126/saison_id/2025,€1.78m,€44.40m,1780000.0,44400000.0,https://www.transfermarkt.com/super-lig/startseite/wettbewerb/TR1
Turkish Süper Lig,Antalyaspor,589,https://www.transfermarkt.com/antalyaspor/startseite/verein/589/saison_id/2025,€911k,€30.05m,911000.0,30050000.0,https://www.transfermarkt.com/super-lig/startseite/wettbewerb/TR1
Turkish Süper Lig,Gaziantep FK,2832,https://www.transfermarkt.com/gaziantep-fk/startseite/verein/2832/saison_id/2025,€1.03m,€29.75m,1030000.0,29750000.0,https://www.transfermarkt.com/super-lig/startseite/wettbewerb/TR1
Turkish Süper Lig,Eyüpspor,7160,https://www.transfermarkt.com/eyupspor/startseite/verein/7160/saison_id/2025,€1.02m,€29.60m,1020000.0,29600000.0,https://www.transfermarkt.com/super-lig/startseite/wettbewerb/TR1
Turkish Süper Lig,Kocaelispor,120,https://www.transfermarkt.com/kocaelispor/startseite/verein/120/saison_id/2025,€1.06m,€28.55m,1060000.0,28550000.0,https://www.transfermarkt.com/super-lig/startseite/wettbewerb/TR1
Turkish Süper Lig,Alanyaspor,11282,https://www.transfermarkt.com/alanyaspor/startseite/verein/11282/saison_id/2025,€979k,€28.40m,979000.0,28400000.0,https://www.transfermarkt.com/super-lig/startseite/wettbewerb/TR1
Turkish Süper Lig,Konyaspor,2293,https://www.transfermarkt.com/konyaspor/startseite/verein/2293/saison_id/2025,€1.02m,€27.60m,1020000.0,27600000.0,https://www.transfermarkt.com/super-lig/startseite/wettbewerb/TR1
Turkish Süper Lig,Kayserispor,3205,https://www.transfermarkt.com/kayserispor/startseite/verein/3205/saison_id/2025,€768k,€23.05m,768000.0,23050000.0,https://www.transfermarkt.com/super-lig/startseite/wettbewerb/TR1
Turkish Süper Lig,Fatih Karagümrük,6646,https://www.transfermarkt.com/fatih-karagumruk/startseite/verein/6646/saison_id/2025,€703k,€20.40m,703000.0,20400000.0,https://www.transfermarkt.com/super-lig/startseite/wettbewerb/TR1
Veikkausliiga,HJK Helsinki,1008,https://www.transfermarkt.com/hjk-helsinki/startseite/verein/1008/saison_id/2024,€285k,€7.70m,285000.0,7700000.0,https://www.transfermarkt.com/veikkausliiga/startseite/wettbewerb/FI1
